<?xml version="1.0" encoding="UTF-8"?>
<project-private xmlns="http://www.netbeans.org/ns/project-private/1">
    <editor-bookmarks xmlns="http://www.netbeans.org/ns/editor-bookmarks/2" lastBookmarkId="0"/>
    <open-files xmlns="http://www.netbeans.org/ns/projectui-open-files/2">
        <group>
            <file>file:/C:/Users/anton/Documents/Semestre%209/Sistemas%20Expertos/P6_AlgoritmoGenetico_8Reinas/src/Ocho_Reinas/Plano.java</file>
            <file>file:/C:/Users/anton/Documents/Semestre%209/Sistemas%20Expertos/P6_AlgoritmoGenetico_8Reinas/src/Ocho_Reinas/Frame.java</file>
            <file>file:/C:/Users/anton/Documents/Semestre%209/Sistemas%20Expertos/P6_AlgoritmoGenetico_8Reinas/src/Ocho_Reinas/Frame_Tablero.java</file>
            <file>file:/C:/Users/anton/Documents/Semestre%209/Sistemas%20Expertos/P6_AlgoritmoGenetico_8Reinas/src/Ocho_Reinas/Principal.java</file>
        </group>
    </open-files>
</project-private>
